¼Ì,Ýn,Üx,ox,db
h¬¶Ù,ûnæh¬40-7,35.7394713,139.6710343,03-3994-3287
º¶Ù,ûnæº2-25-3,35.73178056,139.6421563,03-3998-4890
½aä¶Ù,ûnæ½aä2-18-14,35.76007643,139.6615122,03-3933-0297
tú¬¶Ù,ûnætú¬2-28-3,35.75702518,139.6462502,03-3998-8799
k¬¶Ù,ûnæk¬1-19-17,35.76411586,139.6678746,03-3931-5481
õªu¶Ù,ûnæõªu1-3-1,35.76774993,139.6391004,03-3975-7137
õªuÈ©æµ¶Ù,ûnæõªu2-9-6,35.75953299,139.630003,03-5997-7720
yxc¶Ù,ûnæyxc2-32-8,35.76351856,139.6136213,03-3925-4784
ìc¶Ù,ûnæìc5-15-25,35.73789985,139.611507,03-3995-5534
O´ä¶Ù,ûnæO´ä2-11-29,35.75719653,139.6063417,03-3924-8796
Î_ä¶Ù,ûnæÎ_ä¬7-28-21,35.74466144,139.5981388,03-3996-3800
Î_ää¶Ù,ûnæÎ_ää2-18-13,35.73570141,139.5896457,03-3995-8267
ãÎ_ä¶Ù,ûnæãÎ_ä1-5-2,35.72564509,139.5924138,03-3929-0999
Ö¬¶Ù,ûnæÖ¬ì4-15-7-102,35.72268641,139.5722555,03-3920-1601
åò¶Ù,ûnæåò7-20-1,35.74246023,139.5770483,03-3921-9128
¼åò¶Ù,ûnæ¼åò3-21-16,35.75966965,139.5788581,03-3924-9537
kåò¶Ù,ûnæåò¬4-15-15,35.76306073,139.6001533,03-3921-4856
